{
    "ppo_sparse": [
        {
            "experiment": "071_ppo_seed_0_official_dataset_sparse_reward_medium_bids_smaller_lin_lr",
            "score": {
                "mean": 398.36625731472094,
                "sem": 9.115487668850164
            },
            "cost_over_budget": {
                "mean": 0.7854109123120536,
                "sem": 0.008210832985393974
            },
            "target_cpa_over_cpa": {
                "mean": 0.9498015917562134,
                "sem": 0.008789207037688037
            },
            "total_conversions": {
                "mean": 489.892,
                "sem": 9.53425583545984
            }
        },
        {
            "experiment": "072_ppo_seed_1_official_dataset_sparse_reward_medium_bids_smaller_lin_lr",
            "score": {
                "mean": 390.90850839872894,
                "sem": 9.214356965205837
            },
            "cost_over_budget": {
                "mean": 0.8163219820185489,
                "sem": 0.008069111951237117
            },
            "target_cpa_over_cpa": {
                "mean": 0.905899162985336,
                "sem": 0.007693623595803566
            },
            "total_conversions": {
                "mean": 489.741,
                "sem": 9.585123051844459
            }
        },
        {
            "experiment": "073_ppo_seed_2_official_dataset_sparse_reward_medium_bids_smaller_lin_lr",
            "score": {
                "mean": 356.6458936206098,
                "sem": 8.312092102572588
            },
            "cost_over_budget": {
                "mean": 0.8642775542804776,
                "sem": 0.007800726060634066
            },
            "target_cpa_over_cpa": {
                "mean": 0.8677524896255621,
                "sem": 0.009456514398054165
            },
            "total_conversions": {
                "mean": 501.265,
                "sem": 9.501522866098886
            }
        }
    ],
    "ppo_dense": [
        {
            "experiment": "068_ppo_seed_0_official_dataset_dense_reward_medium_bids_smaller_lin_lr",
            "score": {
                "mean": 352.843624107646,
                "sem": 7.6796987401068755
            },
            "cost_over_budget": {
                "mean": 0.9152020784669564,
                "sem": 0.00612013977850991
            },
            "target_cpa_over_cpa": {
                "mean": 0.862092862771829,
                "sem": 0.007808429488891559
            },
            "total_conversions": {
                "mean": 522.564,
                "sem": 9.08252145078667
            }
        },
        {
            "experiment": "069_ppo_seed_1_official_dataset_dense_reward_medium_bids_smaller_lin_lr",
            "score": {
                "mean": 404.27148011364335,
                "sem": 9.278832434107304
            },
            "cost_over_budget": {
                "mean": 0.925477578565271,
                "sem": 0.0036936092939921085
            },
            "target_cpa_over_cpa": {
                "mean": 0.893731829190879,
                "sem": 0.00890749879940299
            },
            "total_conversions": {
                "mean": 540.87,
                "sem": 9.241832778188535
            }
        },
        {
            "experiment": "070_ppo_seed_2_official_dataset_dense_reward_medium_bids_smaller_lin_lr",
            "score": {
                "mean": 397.0293870309035,
                "sem": 9.304724113885118
            },
            "cost_over_budget": {
                "mean": 0.7744981860831995,
                "sem": 0.007034880044208287
            },
            "target_cpa_over_cpa": {
                "mean": 0.9654503654339259,
                "sem": 0.009906780766687327
            },
            "total_conversions": {
                "mean": 490.965,
                "sem": 9.273002953466586
            }
        }
    ],
    "ppo_dense_2_slopes": [
        {
            "experiment": "055_ppo_seed_0_official_dataset_dense_reward_two_slopes_medium_bids_smaller_lin_lr",
            "score": {
                "mean": 236.89037753882334,
                "sem": 5.940668087830314
            },
            "cost_over_budget": {
                "mean": 0.7494105697439576,
                "sem": 0.005304077399895236
            },
            "target_cpa_over_cpa": {
                "mean": 0.7753025564954923,
                "sem": 0.007973179184471739
            },
            "total_conversions": {
                "mean": 370.418,
                "sem": 6.312021488873435
            }
        },
        {
            "experiment": "056_ppo_seed_1_official_dataset_dense_reward_two_slopes_medium_bids_smaller_lin_lr",
            "score": {
                "mean": 314.8665606566401,
                "sem": 8.30993640157955
            },
            "cost_over_budget": {
                "mean": 0.834661607557318,
                "sem": 0.005798615207625851
            },
            "target_cpa_over_cpa": {
                "mean": 0.8060306551238944,
                "sem": 0.008641890814356474
            },
            "total_conversions": {
                "mean": 449.763,
                "sem": 8.549884492260702
            }
        },
        {
            "experiment": "057_ppo_seed_2_official_dataset_dense_reward_two_slopes_medium_bids_smaller_lin_lr",
            "score": {
                "mean": 322.99090154638174,
                "sem": 7.82179724792503
            },
            "cost_over_budget": {
                "mean": 0.7593033030018157,
                "sem": 0.007643611498474271
            },
            "target_cpa_over_cpa": {
                "mean": 0.8624207320159294,
                "sem": 0.007644523044831477
            },
            "total_conversions": {
                "mean": 420.006,
                "sem": 7.669541053022664
            }
        }
    ],
    "oil": [
        {
            "experiment": "039_oil_seed_0_official_dataset_realistic_oracle_medium_bids_lin_lr",
            "score": {
                "mean": 466.62170320717934,
                "sem": 9.591798438607718
            },
            "cost_over_budget": {
                "mean": 0.9801153768211653,
                "sem": 0.001974722003076044
            },
            "target_cpa_over_cpa": {
                "mean": 0.9790784998693535,
                "sem": 0.010663445097353084
            },
            "total_conversions": {
                "mean": 608.535,
                "sem": 9.45361903056179
            }
        },
        {
            "experiment": "040_oil_seed_1_official_dataset_realistic_oracle_medium_bids_lin_lr",
            "score": {
                "mean": 465.34096044941447,
                "sem": 9.519677395445287
            },
            "cost_over_budget": {
                "mean": 0.9927270572393713,
                "sem": 0.0010926011705282039
            },
            "target_cpa_over_cpa": {
                "mean": 0.9758551151451362,
                "sem": 0.010888009196688316
            },
            "total_conversions": {
                "mean": 612.993,
                "sem": 9.426922559934393
            }
        },
        {
            "experiment": "041_oil_seed_2_official_dataset_realistic_oracle_medium_bids_lin_lr",
            "score": {
                "mean": 467.1257005430927,
                "sem": 9.547615121904835
            },
            "cost_over_budget": {
                "mean": 0.9883964733889347,
                "sem": 0.001392253760181579
            },
            "target_cpa_over_cpa": {
                "mean": 0.9772538428553601,
                "sem": 0.010766173305363072
            },
            "total_conversions": {
                "mean": 612.343,
                "sem": 9.464580146578085
            }
        }
    ],
    "oil_2_slopes": [
        {
            "experiment": "042_oil_seed_0_official_dataset_flex_oracle_two_slopes_medium_bids_lin_lr",